{
  "answer_exact_match": 0.0030146425495262705,
  "answer_token_f1": 0.08124487184533245,
  "average_latency_ms": 2.2492094870860337,
  "evidence_f1_at_k": 0.1685513465242774,
  "evidence_id_recall_at_k": 0.41410923678891315,
  "evidence_precision_at_k": 0.113850547358399,
  "evidence_recall_at_5": 0.5107091861018562,
  "evidence_recall_at_k": 0.5107091861018562,
  "questions": 2593,
  "refusal_accuracy": 0.26618705035971224,
  "top_k": 5,
  "unsupported_claim_rate": 0.0004965243296921549
}