{
  "answer_exact_match": 0.002153316106804479,
  "answer_token_f1": 0.08367818303007957,
  "average_latency_ms": 100.2139878518958,
  "evidence_f1_at_k": 0.18387955358806451,
  "evidence_id_recall_at_k": 0.4548510878829777,
  "evidence_precision_at_k": 0.12280660003172877,
  "evidence_recall_at_5": 0.5487862922417897,
  "evidence_recall_at_k": 0.5487862922417897,
  "questions": 2593,
  "refusal_accuracy": 0.2841726618705036,
  "top_k": 5,
  "unsupported_claim_rate": 0.0
}