{
  "answer_exact_match": 0.002583979328165375,
  "answer_token_f1": 0.10146249407210077,
  "average_latency_ms": 101.12188773621797,
  "evidence_f1_at_k": 0.18387955358806451,
  "evidence_id_recall_at_k": 0.4548510878829777,
  "evidence_precision_at_k": 0.12280660003172877,
  "evidence_recall_at_5": 0.5487862922417897,
  "evidence_recall_at_k": 0.5487862922417897,
  "questions": 2593,
  "refusal_accuracy": 0.0,
  "top_k": 5,
  "unsupported_claim_rate": 0.0
}