{
  "baseline": {
    "answer_exact_match": 0.0030146425495262705,
    "answer_token_f1": 0.08124487184533245,
    "average_latency_ms": 2.2492094870860337,
    "evidence_f1_at_k": 0.1685513465242774,
    "evidence_id_recall_at_k": 0.41410923678891315,
    "evidence_precision_at_k": 0.113850547358399,
    "evidence_recall_at_5": 0.5107091861018562,
    "evidence_recall_at_k": 0.5107091861018562,
    "questions": 2593,
    "refusal_accuracy": 0.26618705035971224,
    "top_k": 5,
    "unsupported_claim_rate": 0.0004965243296921549
  },
  "bm25": {
    "answer_exact_match": 0.004306632213608958,
    "answer_token_f1": 0.0986941049445611,
    "average_latency_ms": 2.104717778622663,
    "evidence_f1_at_k": 0.17768099960149,
    "evidence_id_recall_at_k": 0.4393178916382152,
    "evidence_precision_at_k": 0.11908614945263965,
    "evidence_recall_at_5": 0.5321275583055688,
    "evidence_recall_at_k": 0.5321275583055688,
    "questions": 2593,
    "refusal_accuracy": 0.014388489208633094,
    "top_k": 5,
    "unsupported_claim_rate": 0.0
  },
  "dense": {
    "answer_exact_match": 0.0017226528854435831,
    "answer_token_f1": 0.08312775672072445,
    "average_latency_ms": 2.7890852294742694,
    "evidence_f1_at_k": 0.13295011261146408,
    "evidence_id_recall_at_k": 0.3208554230686549,
    "evidence_precision_at_k": 0.0914802475011891,
    "evidence_recall_at_5": 0.40980485483103285,
    "evidence_recall_at_k": 0.40980485483103285,
    "questions": 2593,
    "refusal_accuracy": 0.07194244604316546,
    "top_k": 5,
    "unsupported_claim_rate": 0.0107393638992152
  },
  "experiments": {
    "bm25": {
      "answer_exact_match": 0.004306632213608958,
      "answer_token_f1": 0.0986941049445611,
      "average_latency_ms": 2.104717778622663,
      "evidence_f1_at_k": 0.17768099960149,
      "evidence_id_recall_at_k": 0.4393178916382152,
      "evidence_precision_at_k": 0.11908614945263965,
      "evidence_recall_at_5": 0.5321275583055688,
      "evidence_recall_at_k": 0.5321275583055688,
      "questions": 2593,
      "refusal_accuracy": 0.014388489208633094,
      "top_k": 5,
      "unsupported_claim_rate": 0.0
    },
    "complete_graphrag": {
      "answer_exact_match": 0.002583979328165375,
      "answer_token_f1": 0.10146249407210077,
      "average_latency_ms": 100.2139878518958,
      "evidence_f1_at_k": 0.18387955358806451,
      "evidence_id_recall_at_k": 0.4548510878829777,
      "evidence_precision_at_k": 0.12280660003172877,
      "evidence_recall_at_5": 0.5487862922417897,
      "evidence_recall_at_k": 0.5487862922417897,
      "questions": 2593,
      "refusal_accuracy": 0.2841726618705036,
      "top_k": 5,
      "unsupported_claim_rate": 0.0
    },
    "complete_graphrag_no_adaptive": {
      "answer_exact_match": 0.002153316106804479,
      "answer_token_f1": 0.08367818303007957,
      "average_latency_ms": 100.2139878518958,
      "evidence_f1_at_k": 0.18387955358806451,
      "evidence_id_recall_at_k": 0.4548510878829777,
      "evidence_precision_at_k": 0.12280660003172877,
      "evidence_recall_at_5": 0.5487862922417897,
      "evidence_recall_at_k": 0.5487862922417897,
      "questions": 2593,
      "refusal_accuracy": 0.2841726618705036,
      "top_k": 5,
      "unsupported_claim_rate": 0.0
    },
    "complete_graphrag_no_answer_calibration": {
      "answer_exact_match": 0.002153316106804479,
      "answer_token_f1": 0.08367818303007957,
      "average_latency_ms": 100.2139878518958,
      "evidence_f1_at_k": 0.18387955358806451,
      "evidence_id_recall_at_k": 0.4548510878829777,
      "evidence_precision_at_k": 0.12280660003172877,
      "evidence_recall_at_5": 0.5487862922417897,
      "evidence_recall_at_k": 0.5487862922417897,
      "questions": 2593,
      "refusal_accuracy": 0.2841726618705036,
      "top_k": 5,
      "unsupported_claim_rate": 0.0
    },
    "complete_graphrag_no_edges": {
      "answer_exact_match": 0.002583979328165375,
      "answer_token_f1": 0.08594486776721696,
      "average_latency_ms": 6.009099498658145,
      "evidence_f1_at_k": 0.18800917151643384,
      "evidence_id_recall_at_k": 0.4464049964525928,
      "evidence_precision_at_k": 0.12808979850864463,
      "evidence_recall_at_5": 0.5373631603998096,
      "evidence_recall_at_k": 0.5373631603998096,
      "questions": 2593,
      "refusal_accuracy": 0.2733812949640288,
      "top_k": 5,
      "unsupported_claim_rate": 0.0
    },
    "complete_graphrag_no_refusal": {
      "answer_exact_match": 0.002583979328165375,
      "answer_token_f1": 0.10146249407210077,
      "average_latency_ms": 101.12188773621797,
      "evidence_f1_at_k": 0.18387955358806451,
      "evidence_id_recall_at_k": 0.4548510878829777,
      "evidence_precision_at_k": 0.12280660003172877,
      "evidence_recall_at_5": 0.5487862922417897,
      "evidence_recall_at_k": 0.5487862922417897,
      "questions": 2593,
      "refusal_accuracy": 0.0,
      "top_k": 5,
      "unsupported_claim_rate": 0.0
    },
    "dense": {
      "answer_exact_match": 0.0017226528854435831,
      "answer_token_f1": 0.08312775672072445,
      "average_latency_ms": 2.7890852294742694,
      "evidence_f1_at_k": 0.13295011261146408,
      "evidence_id_recall_at_k": 0.3208554230686549,
      "evidence_precision_at_k": 0.0914802475011891,
      "evidence_recall_at_5": 0.40980485483103285,
      "evidence_recall_at_k": 0.40980485483103285,
      "questions": 2593,
      "refusal_accuracy": 0.07194244604316546,
      "top_k": 5,
      "unsupported_claim_rate": 0.0107393638992152
    },
    "graphrag": {
      "answer_exact_match": 0.002153316106804479,
      "answer_token_f1": 0.08367818303007957,
      "average_latency_ms": 100.2139878518958,
      "evidence_f1_at_k": 0.18387955358806451,
      "evidence_id_recall_at_k": 0.4548510878829777,
      "evidence_precision_at_k": 0.12280660003172877,
      "evidence_recall_at_5": 0.5487862922417897,
      "evidence_recall_at_k": 0.5487862922417897,
      "questions": 2593,
      "refusal_accuracy": 0.2841726618705036,
      "top_k": 5,
      "unsupported_claim_rate": 0.0
    },
    "graphrag_no_edges": {
      "answer_exact_match": 0.002583979328165375,
      "answer_token_f1": 0.08594486776721696,
      "average_latency_ms": 6.009099498658145,
      "evidence_f1_at_k": 0.18800917151643384,
      "evidence_id_recall_at_k": 0.4464049964525928,
      "evidence_precision_at_k": 0.12808979850864463,
      "evidence_recall_at_5": 0.5373631603998096,
      "evidence_recall_at_k": 0.5373631603998096,
      "questions": 2593,
      "refusal_accuracy": 0.2733812949640288,
      "top_k": 5,
      "unsupported_claim_rate": 0.0
    },
    "graphrag_no_refusal": {
      "answer_exact_match": 0.002583979328165375,
      "answer_token_f1": 0.10146249407210077,
      "average_latency_ms": 101.12188773621797,
      "evidence_f1_at_k": 0.18387955358806451,
      "evidence_id_recall_at_k": 0.4548510878829777,
      "evidence_precision_at_k": 0.12280660003172877,
      "evidence_recall_at_5": 0.5487862922417897,
      "evidence_recall_at_k": 0.5487862922417897,
      "questions": 2593,
      "refusal_accuracy": 0.0,
      "top_k": 5,
      "unsupported_claim_rate": 0.0
    },
    "tfidf": {
      "answer_exact_match": 0.0030146425495262705,
      "answer_token_f1": 0.08124487184533245,
      "average_latency_ms": 2.2492094870860337,
      "evidence_f1_at_k": 0.1685513465242774,
      "evidence_id_recall_at_k": 0.41410923678891315,
      "evidence_precision_at_k": 0.113850547358399,
      "evidence_recall_at_5": 0.5107091861018562,
      "evidence_recall_at_k": 0.5107091861018562,
      "questions": 2593,
      "refusal_accuracy": 0.26618705035971224,
      "top_k": 5,
      "unsupported_claim_rate": 0.0004965243296921549
    }
  },
  "failure_cases": 2,
  "full_dataset": true,
  "graphrag": {
    "answer_exact_match": 0.002583979328165375,
    "answer_token_f1": 0.10146249407210077,
    "average_latency_ms": 100.2139878518958,
    "evidence_f1_at_k": 0.18387955358806451,